site_id,quarter,scope_1_emissions,output_units,emissions_intensity,target_emissions,country
Site_A,Q1-2022,1747823.3487578924,9756026.550694998,179.15319722386172,1686902.1545015713,Germany
Site_A,Q2-2022,1660490.4469856177,10118699.788741143,164.1011673093819,1653164.1114115398,Germany
Site_A,Q3-2022,1683507.0851917153,9708962.348452674,173.39722050317943,1620100.8291833089,Germany
Site_A,Q4-2022,1657465.8685310513,9710173.687077174,170.69374060083982,1587698.8125996427,Germany
Site_A,Q1-2023,1600088.0474068164,9851249.679952873,162.4248800294818,1555944.8363476498,Germany
Site_A,Q2-2023,1525139.7985253285,9457873.659137059,161.25609766968307,1524825.939620697,Germany
Site_A,Q3-2023,1562133.2779040155,9600291.00157278,162.71728405400387,1494329.420828283,Germany
Site_A,Q4-2023,1580148.443139479,9621252.410535423,164.23521343325237,1464442.8324117174,Germany
Site_A,Q1-2024,1494040.1725442705,10095986.979423976,147.98356768775395,1435153.975763483,Germany
Site_A,Q2-2024,1524455.0393402344,9816362.86657725,155.2973397642724,1406450.8962482132,Germany
Site_A,Q3-2024,1459449.9346731715,9693980.680734629,150.55218106361767,1378321.8783232488,Germany
Site_A,Q4-2024,1503830.5364721182,9572658.510155205,157.096436154781,1350755.440756784,Germany
Site_B,Q1-2022,1260541.5232841112,9737203.399054678,129.45621772741123,1284567.0708808633,Brazil
Site_B,Q2-2022,1238012.7667586007,10165997.785915121,121.77975962908961,1258875.729463246,Brazil
Site_B,Q3-2022,1239055.1026251728,9583999.963222153,129.28371320742377,1233698.214873981,Brazil
Site_B,Q4-2022,1250010.7484657313,9551373.41901913,130.87235663686366,1209024.2505765015,Brazil
Site_B,Q1-2023,1202977.4561487075,9403608.124237377,127.9272211533451,1184843.7655649714,Brazil
Site_B,Q2-2023,1119009.4307594933,9834914.396187158,113.77927510922878,1161146.890253672,Brazil
Site_B,Q3-2023,1179189.4962821603,9829815.805251326,119.96048752533171,1137923.9524485986,Brazil
Site_B,Q4-2023,1122538.8621537278,9735321.409895476,115.30578343440436,1115165.4733996266,Brazil
Site_B,Q1-2024,1045537.8742014738,9651573.307334391,108.3282321864511,1092862.163931634,Brazil
Site_B,Q2-2024,1063767.1633446927,10006966.594257116,106.30265958469137,1071004.9206530014,Brazil
Site_B,Q3-2024,1073451.4061327362,9442934.117940785,113.6777396437902,1049584.8222399412,Brazil
Site_B,Q4-2024,1050183.9936927028,9718525.692930069,108.06001104227975,1028593.1257951425,Brazil
Site_C,Q1-2022,1321382.8883373367,10153747.65090126,130.13745601802987,1296915.836783702,India
Site_C,Q2-2022,1290628.6015422307,9779704.241757542,131.97010560211868,1270977.5200480279,India
Site_C,Q3-2022,1197470.461737415,10013800.432682782,119.58201781504872,1245557.9696470674,India
Site_C,Q4-2022,1205322.3218502388,9851712.898833012,122.34647256042304,1220646.8102541259,India
Site_C,Q1-2023,1115335.7176926725,9726280.751600863,114.67237541020987,1196233.8740490433,India
Site_C,Q2-2023,1031375.3717898792,10110052.91088091,102.01483423295093,1172309.1965680625,India
Site_C,Q3-2023,1089934.7978898198,9933145.722086003,109.727052072375,1148863.0126367013,India
Site_C,Q4-2023,1032288.0726565488,10019874.951411597,103.0240474718819,1125885.7523839674,India
Site_C,Q1-2024,922803.5265505437,10019826.867503753,92.0977516630926,1103368.037336288,India
Site_C,Q2-2024,966591.3393872682,9940382.53858008,97.23884726123825,1081300.676589562,India
Site_C,Q3-2024,924117.1829550705,9423598.725584121,98.06414830102914,1059674.6630577708,India
Site_C,Q4-2024,850869.0968914,9964957.160049705,85.3861269271283,1038481.1697966155,India
Site_D,Q1-2022,1599875.899885724,8105705.278961161,197.37651997270328,1608662.7753992246,United States
Site_D,Q2-2022,1631798.390179568,7930628.721004082,205.7590195664801,1576489.5198912402,United States
Site_D,Q3-2022,1504362.7372648623,7933931.355941904,189.61126203067164,1544959.7294934152,United States
Site_D,Q4-2022,1537338.4190793554,8100032.986590749,189.7940936320077,1514060.5349035468,United States
Site_D,Q1-2023,1443551.7792112736,8136936.251281483,177.4072863092579,1483779.3242054759,United States
Site_D,Q2-2023,1432645.1423265594,8228011.762765389,174.11802311826733,1454103.7377213663,United States
Site_D,Q3-2023,1364699.7695882265,7968750.3353392575,171.25643446703947,1425021.6629669392,United States
Site_D,Q4-2023,1341117.4202087168,7741579.775032388,173.23562621339855,1396521.2297076003,United States
Site_D,Q1-2024,1332666.410407269,8086493.819094789,164.80151227722683,1368590.8051134483,United States
Site_D,Q2-2024,1285045.9905810668,7987365.337983782,160.88483951899033,1341218.9890111792,United States
Site_D,Q3-2024,1192246.4756240344,7950153.70010574,149.96521081198432,1314394.6092309556,United States
Site_D,Q4-2024,1199172.5776356629,7873827.310814488,152.29856209681304,1288106.7170463365,United States
Site_E,Q1-2022,2432765.727599548,7344321.806227574,331.244435059572,2425782.6150862747,South Korea
Site_E,Q2-2022,2430528.4964798386,6909057.485023213,351.78872107353334,2377266.962784549,South Korea
Site_E,Q3-2022,2440169.496116727,7304857.770071226,334.04750276102016,2329721.623528858,South Korea
Site_E,Q4-2022,2547483.4536583177,7254339.535126797,351.1668348748982,2283127.191058281,South Korea
Site_E,Q1-2023,2468739.380876462,7285869.3741419725,338.83936893491114,2237464.647237115,South Korea
Site_E,Q2-2023,2417654.0837025465,7521376.290986025,321.4377249812615,2192715.3542923727,South Korea
Site_E,Q3-2023,2502202.2445390094,7451018.117491631,335.82017988454044,2148861.047206525,South Korea
Site_E,Q4-2023,2443473.143063959,7573370.590270241,322.64011300373573,2105883.826262395,South Korea
Site_E,Q1-2024,2431498.316768268,7410183.146843075,328.1293145641276,2063766.149737147,South Korea
Site_E,Q2-2024,2582914.302336569,7094704.463056884,364.06228276120083,2022490.8267424041,South Korea
Site_E,Q3-2024,2480367.8861442697,7312742.0011005495,339.18438333678125,1982041.0102075557,South Korea
Site_E,Q4-2024,2490604.4871879434,6982679.041869795,356.6832260588937,1942400.1900034049,South Korea
Site_F,Q1-2022,2001947.6581629326,7007452.597023474,285.6883625603535,2038724.6275322847,France
Site_F,Q2-2022,1978765.7553349556,6633053.41277883,298.31898406287337,1997950.134981639,France
Site_F,Q3-2022,2014007.8352193125,6451292.852733174,312.18670136266593,1957991.132282006,France
Site_F,Q4-2022,1961936.8034048115,6958894.266876452,281.9322622479563,1918831.3096363659,France
Site_F,Q1-2023,1859910.3361343178,6734392.487726427,276.18086405329717,1880454.6834436385,France
Site_F,Q2-2023,1905976.2367828244,6853830.290375427,278.0892079366649,1842845.5897747658,France
Site_F,Q3-2023,1817474.1560738846,6433374.39340311,282.5071331053814,1805988.6779792705,France
Site_F,Q4-2023,1859201.1066298045,6756862.650666603,275.1574514314545,1769868.904419685,France
Site_F,Q1-2024,1819714.4175150841,6766755.3579193605,268.9197881796349,1734471.5263312913,France
Site_F,Q2-2024,1753864.97413423,6743916.4554521665,260.0662368402126,1699782.0958046655,France
Site_F,Q3-2024,1764160.1214254375,6554595.432414692,269.1485904226932,1665786.453888572,France
Site_F,Q4-2024,1798439.462435401,6792232.300202323,264.77885074422886,1632470.7248108007,France
Site_G,Q1-2022,2079033.0215030788,7128796.35364372,291.63871688387184,2047549.6373533807,China
Site_G,Q2-2022,1965228.711214766,7089752.463691104,277.1928528223421,2006598.644606313,China
Site_G,Q3-2022,1965073.6076217478,7061489.269841137,278.2803361345271,1966466.6717141867,China
Site_G,Q4-2022,1974940.4564458993,6847999.6146416655,288.3966950324138,1927137.338279903,China
Site_G,Q1-2023,1819425.6571608954,6719174.351917135,270.78113498301644,1888594.5915143047,China
Site_G,Q2-2023,1767449.058932031,6881656.895959418,256.8348125536153,1850822.6996840187,China
Site_G,Q3-2023,1764233.915918768,6952415.397708244,253.7584156004718,1813806.2456903383,China
Site_G,Q4-2023,1734181.5334829967,6899677.616217821,251.34240031835265,1777530.1207765315,China
Site_G,Q1-2024,1709741.933203302,6844145.871194649,249.81085520096693,1741979.5183610008,China
Site_G,Q2-2024,1710913.7033760478,7022210.707395241,243.64317373362888,1707139.927993781,China
Site_G,Q3-2024,1518327.0010512653,6682898.738230017,227.19587121162908,1672997.129433905,China
Site_G,Q4-2024,1522418.5665130976,6852384.680777069,222.17354066299347,1639537.1868452271,China
Site_H,Q1-2022,1239023.1064704694,9698708.467819527,127.75135066504662,1220093.6014875276,United Kingdom
Site_H,Q2-2022,1170501.8626466333,9410304.805413729,124.38511683205479,1195691.729457777,United Kingdom
Site_H,Q3-2022,1170793.0231685303,9884554.009215597,118.44672223723732,1171777.8948686214,United Kingdom
Site_H,Q4-2022,1181497.3808982614,9464126.494608505,124.83955931604817,1148342.336971249,United Kingdom
Site_H,Q1-2023,1164140.8780489422,9790337.726296669,118.9071215512904,1125375.4902318239,United Kingdom
Site_H,Q2-2023,1106139.3534486915,9744019.271540007,113.51982407090111,1102867.9804271876,United Kingdom
Site_H,Q3-2023,1128102.0095164187,9484680.190784777,118.93938296543428,1080810.6208186438,United Kingdom
Site_H,Q4-2023,1124365.165074352,9825431.155624548,114.43418077696381,1059194.4084022709,United Kingdom
Site_H,Q1-2024,1137655.7302692733,9924034.660757883,114.63641242284741,1038010.5202342254,United Kingdom
Site_H,Q2-2024,1023506.9157058205,9525709.242367877,107.44679368897047,1017250.3098295409,United Kingdom
Site_H,Q3-2024,1083495.1109942924,9816031.440533344,110.38015898362097,996905.30363295,United Kingdom
Site_H,Q4-2024,1067775.6176400296,10483820.548481846,101.84985642420725,976967.1975602912,United Kingdom
