country,eps_score,pressure_level
United States,2.2,Medium
Germany,4.0,High
France,3.9,High
Italy,3.8,High
Japan,3.5,High
Canada,3.4,Medium
Australia,2.8,Medium
Mexico,2.4,Medium
Turkey,1.8,Low
South Korea,3.7,High
United Kingdom,3.6,High
Netherlands,4.1,High
Sweden,5.1,High
India,1.5,Low
Brazil,1.6,Low
China,2.7,Medium
Russia,1.9,Low
South Africa,2.1,Low
Poland,2.3,Medium
Slovakia,3.0,Medium
